<?xml version="1.0" encoding="ISO-8859-1" ?>

 <!DOCTYPE tiles-definitions PUBLIC
       "-//Apache Software Foundation//DTD Tiles Configuration 1.1//EN"
       "http://jakarta.apache.org/struts/dtds/tiles-config_1_1.dtd">

<tiles-definitions>

   
	<definition name="Tiles.Example" page="/tiles/template.jsp">
		<put name="title" type="string" value="Welcome" />
		<put name="header" value="/tiles/top.jsp" />
		<put name="menu" value="/tiles/left.jsp" />
		<put name="body" value="/tiles/content.jsp" />
		<put name="bottom" value="/tiles/bottom.jsp" />	
	</definition>

    <definition name="${YOUR_DEFINITION_HERE}">
    </definition>

</tiles-definitions>
